affectation_id,code_smartex_ens,creneau_id,id_session,jour,seance,date_examen,h_debut,h_fin,cod_salle,position
1,3,20,1,1,S3,13/05/2025,12:30,14:00,B401,TITULAIRE
2,11,20,1,1,S3,13/05/2025,12:30,14:00,B401,TITULAIRE
3,13,20,1,1,S3,13/05/2025,12:30,14:00,B401,RESERVE
4,18,21,1,1,S3,13/05/2025,12:30,14:00,A208,TITULAIRE
5,20,21,1,1,S3,13/05/2025,12:30,14:00,A208,TITULAIRE
6,27,21,1,1,S3,13/05/2025,12:30,14:00,A208,RESERVE
7,33,22,1,1,S3,13/05/2025,12:30,14:00,A209,TITULAIRE
8,35,22,1,1,S3,13/05/2025,12:30,14:00,A209,TITULAIRE
9,40,22,1,1,S3,13/05/2025,12:30,14:00,A209,RESERVE
10,44,29,1,1,S3,13/05/2025,12:30,14:00,A102,TITULAIRE
11,50,29,1,1,S3,13/05/2025,12:30,14:00,A102,TITULAIRE
12,56,29,1,1,S3,13/05/2025,12:30,14:00,A102,RESERVE
13,65,36,1,1,S3,13/05/2025,12:30,14:00,B302,TITULAIRE
14,67,36,1,1,S3,13/05/2025,12:30,14:00,B302,TITULAIRE
15,72,37,1,1,S3,13/05/2025,12:30,14:00,B303,TITULAIRE
16,74,37,1,1,S3,13/05/2025,12:30,14:00,B303,TITULAIRE
17,80,40,1,1,S3,13/05/2025,12:30,14:00,A206,TITULAIRE
18,84,40,1,1,S3,13/05/2025,12:30,14:00,A206,TITULAIRE
19,86,41,1,1,S3,13/05/2025,12:30,14:00,A207,TITULAIRE
20,88,41,1,1,S3,13/05/2025,12:30,14:00,A207,TITULAIRE
21,89,49,1,1,S3,13/05/2025,12:30,14:00,A131,TITULAIRE
22,90,49,1,1,S3,13/05/2025,12:30,14:00,A131,TITULAIRE
23,104,50,1,1,S3,13/05/2025,12:30,14:00,A124,TITULAIRE
24,159,50,1,1,S3,13/05/2025,12:30,14:00,A124,TITULAIRE
25,188,51,1,1,S3,13/05/2025,12:30,14:00,A405,TITULAIRE
26,197,51,1,1,S3,13/05/2025,12:30,14:00,A405,TITULAIRE
27,225,52,1,1,S3,13/05/2025,12:30,14:00,A406,TITULAIRE
28,227,52,1,1,S3,13/05/2025,12:30,14:00,A406,TITULAIRE
29,311,53,1,1,S3,13/05/2025,12:30,14:00,A407,TITULAIRE
30,320,53,1,1,S3,13/05/2025,12:30,14:00,A407,TITULAIRE
31,401,54,1,1,S3,13/05/2025,12:30,14:00,A408,TITULAIRE
32,450,54,1,1,S3,13/05/2025,12:30,14:00,A408,TITULAIRE
33,3,13,1,1,S4,13/05/2025,14:30,16:00,A405,TITULAIRE
34,20,13,1,1,S4,13/05/2025,14:30,16:00,A405,TITULAIRE
35,27,13,1,1,S4,13/05/2025,14:30,16:00,A405,RESERVE
36,33,14,1,1,S4,13/05/2025,14:30,16:00,A406,TITULAIRE
37,40,14,1,1,S4,13/05/2025,14:30,16:00,A406,TITULAIRE
38,50,14,1,1,S4,13/05/2025,14:30,16:00,A406,RESERVE
39,56,15,1,1,S4,13/05/2025,14:30,16:00,A407,TITULAIRE
40,65,15,1,1,S4,13/05/2025,14:30,16:00,A407,TITULAIRE
41,67,15,1,1,S4,13/05/2025,14:30,16:00,A407,RESERVE
42,72,16,1,1,S4,13/05/2025,14:30,16:00,A408,TITULAIRE
43,77,16,1,1,S4,13/05/2025,14:30,16:00,A408,TITULAIRE
44,80,16,1,1,S4,13/05/2025,14:30,16:00,A408,RESERVE
45,84,17,1,1,S4,13/05/2025,14:30,16:00,B401,TITULAIRE
46,86,17,1,1,S4,13/05/2025,14:30,16:00,B401,TITULAIRE
47,90,18,1,1,S4,13/05/2025,14:30,16:00,A208,TITULAIRE
48,100,18,1,1,S4,13/05/2025,14:30,16:00,A208,TITULAIRE
49,104,19,1,1,S4,13/05/2025,14:30,16:00,A209,TITULAIRE
50,110,19,1,1,S4,13/05/2025,14:30,16:00,A209,TITULAIRE
51,111,26,1,1,S4,13/05/2025,14:30,16:00,A102,TITULAIRE
52,112,26,1,1,S4,13/05/2025,14:30,16:00,A102,TITULAIRE
53,113,27,1,1,S4,13/05/2025,14:30,16:00,B302,TITULAIRE
54,119,27,1,1,S4,13/05/2025,14:30,16:00,B302,TITULAIRE
55,128,28,1,1,S4,13/05/2025,14:30,16:00,B303,TITULAIRE
56,159,28,1,1,S4,13/05/2025,14:30,16:00,B303,TITULAIRE
57,197,34,1,1,S4,13/05/2025,14:30,16:00,A206,TITULAIRE
58,206,34,1,1,S4,13/05/2025,14:30,16:00,A206,TITULAIRE
59,207,35,1,1,S4,13/05/2025,14:30,16:00,A207,TITULAIRE
60,225,35,1,1,S4,13/05/2025,14:30,16:00,A207,TITULAIRE
61,227,38,1,1,S4,13/05/2025,14:30,16:00,A131,TITULAIRE
62,300,38,1,1,S4,13/05/2025,14:30,16:00,A131,TITULAIRE
63,311,39,1,1,S4,13/05/2025,14:30,16:00,A124,TITULAIRE
64,450,39,1,1,S4,13/05/2025,14:30,16:00,A124,TITULAIRE
65,3,59,1,2,S3,14/05/2025,12:30,14:00,A206,TITULAIRE
66,5,59,1,2,S3,14/05/2025,12:30,14:00,A206,TITULAIRE
67,11,59,1,2,S3,14/05/2025,12:30,14:00,A206,RESERVE
68,12,60,1,2,S3,14/05/2025,12:30,14:00,A207,TITULAIRE
69,13,60,1,2,S3,14/05/2025,12:30,14:00,A207,TITULAIRE
70,18,60,1,2,S3,14/05/2025,12:30,14:00,A207,RESERVE
71,23,61,1,2,S3,14/05/2025,12:30,14:00,A131,TITULAIRE
72,24,61,1,2,S3,14/05/2025,12:30,14:00,A131,TITULAIRE
73,27,61,1,2,S3,14/05/2025,12:30,14:00,A131,RESERVE
74,38,62,1,2,S3,14/05/2025,12:30,14:00,A124,TITULAIRE
75,45,62,1,2,S3,14/05/2025,12:30,14:00,A124,TITULAIRE
76,58,62,1,2,S3,14/05/2025,12:30,14:00,A124,RESERVE
77,72,63,1,2,S3,14/05/2025,12:30,14:00,B401,TITULAIRE
78,74,63,1,2,S3,14/05/2025,12:30,14:00,B401,TITULAIRE
79,88,64,1,2,S3,14/05/2025,12:30,14:00,A102,TITULAIRE
80,90,64,1,2,S3,14/05/2025,12:30,14:00,A102,TITULAIRE
81,92,71,1,2,S3,14/05/2025,12:30,14:00,A208,TITULAIRE
82,106,71,1,2,S3,14/05/2025,12:30,14:00,A208,TITULAIRE
83,109,72,1,2,S3,14/05/2025,12:30,14:00,A209,TITULAIRE
84,110,72,1,2,S3,14/05/2025,12:30,14:00,A209,TITULAIRE
85,112,85,1,2,S3,14/05/2025,12:30,14:00,B302,TITULAIRE
86,135,85,1,2,S3,14/05/2025,12:30,14:00,B302,TITULAIRE
87,159,86,1,2,S3,14/05/2025,12:30,14:00,B303,TITULAIRE
88,166,86,1,2,S3,14/05/2025,12:30,14:00,B303,TITULAIRE
89,216,113,1,2,S3,14/05/2025,12:30,14:00,A405,TITULAIRE
90,223,113,1,2,S3,14/05/2025,12:30,14:00,A405,TITULAIRE
91,238,114,1,2,S3,14/05/2025,12:30,14:00,A406,TITULAIRE
92,300,114,1,2,S3,14/05/2025,12:30,14:00,A406,TITULAIRE
93,311,115,1,2,S3,14/05/2025,12:30,14:00,A407,TITULAIRE
94,315,115,1,2,S3,14/05/2025,12:30,14:00,A407,TITULAIRE
95,375,116,1,2,S3,14/05/2025,12:30,14:00,A408,TITULAIRE
96,450,116,1,2,S3,14/05/2025,12:30,14:00,A408,TITULAIRE
97,3,73,1,2,S4,14/05/2025,14:30,16:00,A208,TITULAIRE
98,5,73,1,2,S4,14/05/2025,14:30,16:00,A208,TITULAIRE
99,12,73,1,2,S4,14/05/2025,14:30,16:00,A208,RESERVE
100,17,74,1,2,S4,14/05/2025,14:30,16:00,A209,TITULAIRE
101,27,74,1,2,S4,14/05/2025,14:30,16:00,A209,TITULAIRE
102,38,74,1,2,S4,14/05/2025,14:30,16:00,A209,RESERVE
103,72,79,1,2,S4,14/05/2025,14:30,16:00,A206,TITULAIRE
104,76,79,1,2,S4,14/05/2025,14:30,16:00,A206,TITULAIRE
105,90,79,1,2,S4,14/05/2025,14:30,16:00,A206,RESERVE
106,92,80,1,2,S4,14/05/2025,14:30,16:00,A207,TITULAIRE
107,100,80,1,2,S4,14/05/2025,14:30,16:00,A207,TITULAIRE
108,106,80,1,2,S4,14/05/2025,14:30,16:00,A207,RESERVE
109,111,87,1,2,S4,14/05/2025,14:30,16:00,B302,TITULAIRE
110,115,87,1,2,S4,14/05/2025,14:30,16:00,B302,TITULAIRE
111,116,88,1,2,S4,14/05/2025,14:30,16:00,B303,TITULAIRE
112,118,88,1,2,S4,14/05/2025,14:30,16:00,B303,TITULAIRE
113,127,94,1,2,S4,14/05/2025,14:30,16:00,A131,TITULAIRE
114,128,94,1,2,S4,14/05/2025,14:30,16:00,A131,TITULAIRE
115,135,95,1,2,S4,14/05/2025,14:30,16:00,A124,TITULAIRE
116,157,95,1,2,S4,14/05/2025,14:30,16:00,A124,TITULAIRE
117,159,96,1,2,S4,14/05/2025,14:30,16:00,B401,TITULAIRE
118,166,96,1,2,S4,14/05/2025,14:30,16:00,B401,TITULAIRE
119,206,97,1,2,S4,14/05/2025,14:30,16:00,A102,TITULAIRE
120,207,97,1,2,S4,14/05/2025,14:30,16:00,A102,TITULAIRE
121,216,105,1,2,S4,14/05/2025,14:30,16:00,A405,TITULAIRE
122,223,105,1,2,S4,14/05/2025,14:30,16:00,A405,TITULAIRE
123,225,106,1,2,S4,14/05/2025,14:30,16:00,A406,TITULAIRE
124,227,106,1,2,S4,14/05/2025,14:30,16:00,A406,TITULAIRE
125,300,107,1,2,S4,14/05/2025,14:30,16:00,A407,TITULAIRE
126,311,107,1,2,S4,14/05/2025,14:30,16:00,A407,TITULAIRE
127,401,108,1,2,S4,14/05/2025,14:30,16:00,A408,TITULAIRE
128,450,108,1,2,S4,14/05/2025,14:30,16:00,A408,TITULAIRE
129,3,122,1,3,S3,15/05/2025,12:30,14:00,A206,TITULAIRE
130,4,122,1,3,S3,15/05/2025,12:30,14:00,A206,TITULAIRE
131,5,122,1,3,S3,15/05/2025,12:30,14:00,A206,RESERVE
132,8,123,1,3,S3,15/05/2025,12:30,14:00,A207,TITULAIRE
133,11,123,1,3,S3,15/05/2025,12:30,14:00,A207,TITULAIRE
134,13,123,1,3,S3,15/05/2025,12:30,14:00,A207,RESERVE
135,17,133,1,3,S3,15/05/2025,12:30,14:00,A208,TITULAIRE
136,20,133,1,3,S3,15/05/2025,12:30,14:00,A208,TITULAIRE
137,33,133,1,3,S3,15/05/2025,12:30,14:00,A208,RESERVE
138,35,134,1,3,S3,15/05/2025,12:30,14:00,A209,TITULAIRE
139,56,134,1,3,S3,15/05/2025,12:30,14:00,A209,TITULAIRE
140,58,134,1,3,S3,15/05/2025,12:30,14:00,A209,RESERVE
141,67,138,1,3,S3,15/05/2025,12:30,14:00,A102,TITULAIRE
142,72,138,1,3,S3,15/05/2025,12:30,14:00,A102,TITULAIRE
143,74,143,1,3,S3,15/05/2025,12:30,14:00,B302,TITULAIRE
144,77,143,1,3,S3,15/05/2025,12:30,14:00,B302,TITULAIRE
145,80,144,1,3,S3,15/05/2025,12:30,14:00,B303,TITULAIRE
146,84,144,1,3,S3,15/05/2025,12:30,14:00,B303,TITULAIRE
147,86,145,1,3,S3,15/05/2025,12:30,14:00,B401,TITULAIRE
148,89,145,1,3,S3,15/05/2025,12:30,14:00,B401,TITULAIRE
149,90,146,1,3,S3,15/05/2025,12:30,14:00,A131,TITULAIRE
150,92,146,1,3,S3,15/05/2025,12:30,14:00,A131,TITULAIRE
151,110,147,1,3,S3,15/05/2025,12:30,14:00,A124,TITULAIRE
152,116,147,1,3,S3,15/05/2025,12:30,14:00,A124,TITULAIRE
153,120,148,1,3,S3,15/05/2025,12:30,14:00,A405,TITULAIRE
154,166,148,1,3,S3,15/05/2025,12:30,14:00,A405,TITULAIRE
155,227,149,1,3,S3,15/05/2025,12:30,14:00,A406,TITULAIRE
156,232,149,1,3,S3,15/05/2025,12:30,14:00,A406,TITULAIRE
157,375,150,1,3,S3,15/05/2025,12:30,14:00,A407,TITULAIRE
158,380,150,1,3,S3,15/05/2025,12:30,14:00,A407,TITULAIRE
159,401,151,1,3,S3,15/05/2025,12:30,14:00,A408,TITULAIRE
160,451,151,1,3,S3,15/05/2025,12:30,14:00,A408,TITULAIRE
161,3,117,1,3,S4,15/05/2025,14:30,16:00,B302,TITULAIRE
162,4,117,1,3,S4,15/05/2025,14:30,16:00,B302,TITULAIRE
163,5,117,1,3,S4,15/05/2025,14:30,16:00,B302,RESERVE
164,11,118,1,3,S4,15/05/2025,14:30,16:00,B303,TITULAIRE
165,13,118,1,3,S4,15/05/2025,14:30,16:00,B303,TITULAIRE
166,20,118,1,3,S4,15/05/2025,14:30,16:00,B303,RESERVE
167,33,128,1,3,S4,15/05/2025,14:30,16:00,A102,TITULAIRE
168,44,128,1,3,S4,15/05/2025,14:30,16:00,A102,TITULAIRE
169,56,128,1,3,S4,15/05/2025,14:30,16:00,A102,RESERVE
170,58,129,1,3,S4,15/05/2025,14:30,16:00,B401,TITULAIRE
171,72,129,1,3,S4,15/05/2025,14:30,16:00,B401,TITULAIRE
172,80,129,1,3,S4,15/05/2025,14:30,16:00,B401,RESERVE
173,84,139,1,3,S4,15/05/2025,14:30,16:00,A206,TITULAIRE
174,86,139,1,3,S4,15/05/2025,14:30,16:00,A206,TITULAIRE
175,89,140,1,3,S4,15/05/2025,14:30,16:00,A207,TITULAIRE
176,106,140,1,3,S4,15/05/2025,14:30,16:00,A207,TITULAIRE
177,108,155,1,3,S4,15/05/2025,14:30,16:00,A405,TITULAIRE
178,109,155,1,3,S4,15/05/2025,14:30,16:00,A405,TITULAIRE
179,116,156,1,3,S4,15/05/2025,14:30,16:00,A406,TITULAIRE
180,118,156,1,3,S4,15/05/2025,14:30,16:00,A406,TITULAIRE
181,119,157,1,3,S4,15/05/2025,14:30,16:00,A407,TITULAIRE
182,128,157,1,3,S4,15/05/2025,14:30,16:00,A407,TITULAIRE
183,166,158,1,3,S4,15/05/2025,14:30,16:00,A408,TITULAIRE
184,197,158,1,3,S4,15/05/2025,14:30,16:00,A408,TITULAIRE
185,206,171,1,3,S4,15/05/2025,14:30,16:00,A131,TITULAIRE
186,216,171,1,3,S4,15/05/2025,14:30,16:00,A131,TITULAIRE
187,232,172,1,3,S4,15/05/2025,14:30,16:00,A124,TITULAIRE
188,311,172,1,3,S4,15/05/2025,14:30,16:00,A124,TITULAIRE
189,375,173,1,3,S4,15/05/2025,14:30,16:00,A208,TITULAIRE
190,380,173,1,3,S4,15/05/2025,14:30,16:00,A208,TITULAIRE
191,401,174,1,3,S4,15/05/2025,14:30,16:00,A209,TITULAIRE
192,451,174,1,3,S4,15/05/2025,14:30,16:00,A209,TITULAIRE
193,3,191,1,4,S3,16/05/2025,12:30,14:00,B401,TITULAIRE
194,13,191,1,4,S3,16/05/2025,12:30,14:00,B401,TITULAIRE
195,18,191,1,4,S3,16/05/2025,12:30,14:00,B401,RESERVE
196,23,195,1,4,S3,16/05/2025,12:30,14:00,A208,TITULAIRE
197,24,195,1,4,S3,16/05/2025,12:30,14:00,A208,TITULAIRE
198,38,195,1,4,S3,16/05/2025,12:30,14:00,A208,RESERVE
199,40,196,1,4,S3,16/05/2025,12:30,14:00,A209,TITULAIRE
200,50,196,1,4,S3,16/05/2025,12:30,14:00,A209,TITULAIRE
201,57,196,1,4,S3,16/05/2025,12:30,14:00,A209,RESERVE
202,58,199,1,4,S3,16/05/2025,12:30,14:00,B302,TITULAIRE
203,65,199,1,4,S3,16/05/2025,12:30,14:00,B302,TITULAIRE
204,72,199,1,4,S3,16/05/2025,12:30,14:00,B302,RESERVE
205,74,201,1,4,S3,16/05/2025,12:30,14:00,B303,TITULAIRE
206,76,201,1,4,S3,16/05/2025,12:30,14:00,B303,TITULAIRE
207,77,206,1,4,S3,16/05/2025,12:30,14:00,A405,TITULAIRE
208,78,206,1,4,S3,16/05/2025,12:30,14:00,A405,TITULAIRE
209,84,207,1,4,S3,16/05/2025,12:30,14:00,A406,TITULAIRE
210,90,207,1,4,S3,16/05/2025,12:30,14:00,A406,TITULAIRE
211,113,208,1,4,S3,16/05/2025,12:30,14:00,A407,TITULAIRE
212,115,208,1,4,S3,16/05/2025,12:30,14:00,A407,TITULAIRE
213,135,209,1,4,S3,16/05/2025,12:30,14:00,A408,TITULAIRE
214,157,209,1,4,S3,16/05/2025,12:30,14:00,A408,TITULAIRE
215,159,210,1,4,S3,16/05/2025,12:30,14:00,A131,TITULAIRE
216,166,210,1,4,S3,16/05/2025,12:30,14:00,A131,TITULAIRE
217,223,211,1,4,S3,16/05/2025,12:30,14:00,A124,TITULAIRE
218,227,211,1,4,S3,16/05/2025,12:30,14:00,A124,TITULAIRE
219,232,220,1,4,S3,16/05/2025,12:30,14:00,A206,TITULAIRE
220,240,220,1,4,S3,16/05/2025,12:30,14:00,A206,TITULAIRE
221,311,221,1,4,S3,16/05/2025,12:30,14:00,A207,TITULAIRE
222,315,221,1,4,S3,16/05/2025,12:30,14:00,A207,TITULAIRE
223,375,232,1,4,S3,16/05/2025,12:30,14:00,A102,TITULAIRE
224,451,232,1,4,S3,16/05/2025,12:30,14:00,A102,TITULAIRE
225,3,186,1,4,S4,16/05/2025,14:30,16:00,B401,TITULAIRE
226,24,186,1,4,S4,16/05/2025,14:30,16:00,B401,TITULAIRE
227,26,186,1,4,S4,16/05/2025,14:30,16:00,B401,RESERVE
228,38,197,1,4,S4,16/05/2025,14:30,16:00,A206,TITULAIRE
229,40,197,1,4,S4,16/05/2025,14:30,16:00,A206,TITULAIRE
230,50,197,1,4,S4,16/05/2025,14:30,16:00,A206,RESERVE
231,58,198,1,4,S4,16/05/2025,14:30,16:00,A207,TITULAIRE
232,65,198,1,4,S4,16/05/2025,14:30,16:00,A207,TITULAIRE
233,77,198,1,4,S4,16/05/2025,14:30,16:00,A207,RESERVE
234,78,200,1,4,S4,16/05/2025,14:30,16:00,B302,TITULAIRE
235,84,200,1,4,S4,16/05/2025,14:30,16:00,B302,TITULAIRE
236,90,200,1,4,S4,16/05/2025,14:30,16:00,B302,RESERVE
237,98,202,1,4,S4,16/05/2025,14:30,16:00,B303,TITULAIRE
238,99,202,1,4,S4,16/05/2025,14:30,16:00,B303,TITULAIRE
239,100,203,1,4,S4,16/05/2025,14:30,16:00,A102,TITULAIRE
240,102,203,1,4,S4,16/05/2025,14:30,16:00,A102,TITULAIRE
241,110,204,1,4,S4,16/05/2025,14:30,16:00,A131,TITULAIRE
242,115,204,1,4,S4,16/05/2025,14:30,16:00,A131,TITULAIRE
243,118,205,1,4,S4,16/05/2025,14:30,16:00,A124,TITULAIRE
244,119,205,1,4,S4,16/05/2025,14:30,16:00,A124,TITULAIRE
245,135,213,1,4,S4,16/05/2025,14:30,16:00,A405,TITULAIRE
246,159,213,1,4,S4,16/05/2025,14:30,16:00,A405,TITULAIRE
247,188,214,1,4,S4,16/05/2025,14:30,16:00,A406,TITULAIRE
248,207,214,1,4,S4,16/05/2025,14:30,16:00,A406,TITULAIRE
249,223,215,1,4,S4,16/05/2025,14:30,16:00,A407,TITULAIRE
250,227,215,1,4,S4,16/05/2025,14:30,16:00,A407,TITULAIRE
251,232,216,1,4,S4,16/05/2025,14:30,16:00,A408,TITULAIRE
252,240,216,1,4,S4,16/05/2025,14:30,16:00,A408,TITULAIRE
253,300,230,1,4,S4,16/05/2025,14:30,16:00,A208,TITULAIRE
254,315,230,1,4,S4,16/05/2025,14:30,16:00,A208,TITULAIRE
255,375,231,1,4,S4,16/05/2025,14:30,16:00,A209,TITULAIRE
256,451,231,1,4,S4,16/05/2025,14:30,16:00,A209,TITULAIRE
257,4,2,1,1,S1,13/05/2025,08:30,10:00,B203,TITULAIRE
258,5,2,1,1,S1,13/05/2025,08:30,10:00,B203,TITULAIRE
259,8,2,1,1,S1,13/05/2025,08:30,10:00,B203,RESERVE
260,17,3,1,1,S1,13/05/2025,08:30,10:00,A102,TITULAIRE
261,23,3,1,1,S1,13/05/2025,08:30,10:00,A102,TITULAIRE
262,24,3,1,1,S1,13/05/2025,08:30,10:00,A102,RESERVE
263,26,4,1,1,S1,13/05/2025,08:30,10:00,A124,TITULAIRE
264,38,4,1,1,S1,13/05/2025,08:30,10:00,A124,TITULAIRE
265,57,4,1,1,S1,13/05/2025,08:30,10:00,A124,RESERVE
266,58,5,1,1,S1,13/05/2025,08:30,10:00,A131,TITULAIRE
267,76,5,1,1,S1,13/05/2025,08:30,10:00,A131,TITULAIRE
268,78,5,1,1,S1,13/05/2025,08:30,10:00,A131,RESERVE
269,92,6,1,1,S1,13/05/2025,08:30,10:00,A209,TITULAIRE
270,98,6,1,1,S1,13/05/2025,08:30,10:00,A209,TITULAIRE
271,99,7,1,1,S1,13/05/2025,08:30,10:00,B302,TITULAIRE
272,106,7,1,1,S1,13/05/2025,08:30,10:00,B302,TITULAIRE
273,107,8,1,1,S1,13/05/2025,08:30,10:00,B303,TITULAIRE
274,108,8,1,1,S1,13/05/2025,08:30,10:00,B303,TITULAIRE
275,109,9,1,1,S1,13/05/2025,08:30,10:00,B401,TITULAIRE
276,116,9,1,1,S1,13/05/2025,08:30,10:00,B401,TITULAIRE
277,118,10,1,1,S1,13/05/2025,08:30,10:00,A206,TITULAIRE
278,120,10,1,1,S1,13/05/2025,08:30,10:00,A206,TITULAIRE
279,125,11,1,1,S1,13/05/2025,08:30,10:00,A207,TITULAIRE
280,127,11,1,1,S1,13/05/2025,08:30,10:00,A207,TITULAIRE
281,130,12,1,1,S1,13/05/2025,08:30,10:00,A208,TITULAIRE
282,135,12,1,1,S1,13/05/2025,08:30,10:00,A208,TITULAIRE
283,157,55,1,1,S1,13/05/2025,08:30,10:00,A405,TITULAIRE
284,216,55,1,1,S1,13/05/2025,08:30,10:00,A405,TITULAIRE
285,223,56,1,1,S1,13/05/2025,08:30,10:00,A406,TITULAIRE
286,238,56,1,1,S1,13/05/2025,08:30,10:00,A406,TITULAIRE
287,315,57,1,1,S1,13/05/2025,08:30,10:00,A407,TITULAIRE
288,375,57,1,1,S1,13/05/2025,08:30,10:00,A407,TITULAIRE
289,380,58,1,1,S1,13/05/2025,08:30,10:00,A408,TITULAIRE
290,451,58,1,1,S1,13/05/2025,08:30,10:00,A408,TITULAIRE
291,4,1,1,1,S2,13/05/2025,10:30,12:00,B203,TITULAIRE
292,8,1,1,1,S2,13/05/2025,10:30,12:00,B203,TITULAIRE
293,11,1,1,1,S2,13/05/2025,10:30,12:00,B203,RESERVE
294,12,23,1,1,S2,13/05/2025,10:30,12:00,B302,TITULAIRE
295,13,23,1,1,S2,13/05/2025,10:30,12:00,B302,TITULAIRE
296,18,23,1,1,S2,13/05/2025,10:30,12:00,B302,RESERVE
297,23,24,1,1,S2,13/05/2025,10:30,12:00,B303,TITULAIRE
298,24,24,1,1,S2,13/05/2025,10:30,12:00,B303,TITULAIRE
299,35,24,1,1,S2,13/05/2025,10:30,12:00,B303,RESERVE
300,38,25,1,1,S2,13/05/2025,10:30,12:00,B401,TITULAIRE
301,45,25,1,1,S2,13/05/2025,10:30,12:00,B401,TITULAIRE
302,57,25,1,1,S2,13/05/2025,10:30,12:00,B401,RESERVE
303,58,30,1,1,S2,13/05/2025,10:30,12:00,A102,TITULAIRE
304,74,30,1,1,S2,13/05/2025,10:30,12:00,A102,TITULAIRE
305,76,31,1,1,S2,13/05/2025,10:30,12:00,A124,TITULAIRE
306,78,31,1,1,S2,13/05/2025,10:30,12:00,A124,TITULAIRE
307,88,32,1,1,S2,13/05/2025,10:30,12:00,A131,TITULAIRE
308,89,32,1,1,S2,13/05/2025,10:30,12:00,A131,TITULAIRE
309,92,33,1,1,S2,13/05/2025,10:30,12:00,A209,TITULAIRE
310,117,33,1,1,S2,13/05/2025,10:30,12:00,A209,TITULAIRE
311,130,42,1,1,S2,13/05/2025,10:30,12:00,A206,TITULAIRE
312,135,42,1,1,S2,13/05/2025,10:30,12:00,A206,TITULAIRE
313,157,43,1,1,S2,13/05/2025,10:30,12:00,A207,TITULAIRE
314,166,43,1,1,S2,13/05/2025,10:30,12:00,A207,TITULAIRE
315,188,44,1,1,S2,13/05/2025,10:30,12:00,A208,TITULAIRE
316,216,44,1,1,S2,13/05/2025,10:30,12:00,A208,TITULAIRE
317,232,45,1,1,S2,13/05/2025,10:30,12:00,A405,TITULAIRE
318,240,45,1,1,S2,13/05/2025,10:30,12:00,A405,TITULAIRE
319,315,46,1,1,S2,13/05/2025,10:30,12:00,A406,TITULAIRE
320,320,46,1,1,S2,13/05/2025,10:30,12:00,A406,TITULAIRE
321,371,47,1,1,S2,13/05/2025,10:30,12:00,A407,TITULAIRE
322,380,47,1,1,S2,13/05/2025,10:30,12:00,A407,TITULAIRE
323,401,48,1,1,S2,13/05/2025,10:30,12:00,A408,TITULAIRE
324,451,48,1,1,S2,13/05/2025,10:30,12:00,A408,TITULAIRE
325,4,68,1,2,S1,14/05/2025,08:30,10:00,A206,TITULAIRE
326,20,68,1,2,S1,14/05/2025,08:30,10:00,A206,TITULAIRE
327,23,68,1,2,S1,14/05/2025,08:30,10:00,A206,RESERVE
328,26,69,1,2,S1,14/05/2025,08:30,10:00,A207,TITULAIRE
329,33,69,1,2,S1,14/05/2025,08:30,10:00,A207,TITULAIRE
330,35,69,1,2,S1,14/05/2025,08:30,10:00,A207,RESERVE
331,40,70,1,2,S1,14/05/2025,08:30,10:00,A208,TITULAIRE
332,44,70,1,2,S1,14/05/2025,08:30,10:00,A208,TITULAIRE
333,50,70,1,2,S1,14/05/2025,08:30,10:00,A208,RESERVE
334,56,75,1,2,S1,14/05/2025,08:30,10:00,A102,TITULAIRE
335,57,75,1,2,S1,14/05/2025,08:30,10:00,A102,TITULAIRE
336,65,75,1,2,S1,14/05/2025,08:30,10:00,A102,RESERVE
337,67,76,1,2,S1,14/05/2025,08:30,10:00,A124,TITULAIRE
338,77,76,1,2,S1,14/05/2025,08:30,10:00,A124,TITULAIRE
339,78,77,1,2,S1,14/05/2025,08:30,10:00,A131,TITULAIRE
340,80,77,1,2,S1,14/05/2025,08:30,10:00,A131,TITULAIRE
341,84,78,1,2,S1,14/05/2025,08:30,10:00,A209,TITULAIRE
342,86,78,1,2,S1,14/05/2025,08:30,10:00,A209,TITULAIRE
343,89,93,1,2,S1,14/05/2025,08:30,10:00,B203,TITULAIRE
344,98,93,1,2,S1,14/05/2025,08:30,10:00,B203,TITULAIRE
345,102,102,1,2,S1,14/05/2025,08:30,10:00,B302,TITULAIRE
346,104,102,1,2,S1,14/05/2025,08:30,10:00,B302,TITULAIRE
347,107,103,1,2,S1,14/05/2025,08:30,10:00,B303,TITULAIRE
348,117,103,1,2,S1,14/05/2025,08:30,10:00,B303,TITULAIRE
349,120,104,1,2,S1,14/05/2025,08:30,10:00,B401,TITULAIRE
350,130,104,1,2,S1,14/05/2025,08:30,10:00,B401,TITULAIRE
351,188,109,1,2,S1,14/05/2025,08:30,10:00,A405,TITULAIRE
352,197,109,1,2,S1,14/05/2025,08:30,10:00,A405,TITULAIRE
353,232,110,1,2,S1,14/05/2025,08:30,10:00,A406,TITULAIRE
354,240,110,1,2,S1,14/05/2025,08:30,10:00,A406,TITULAIRE
355,320,111,1,2,S1,14/05/2025,08:30,10:00,A407,TITULAIRE
356,371,111,1,2,S1,14/05/2025,08:30,10:00,A407,TITULAIRE
357,380,112,1,2,S1,14/05/2025,08:30,10:00,A408,TITULAIRE
358,451,112,1,2,S1,14/05/2025,08:30,10:00,A408,TITULAIRE
359,4,65,1,2,S2,14/05/2025,10:30,12:00,B302,TITULAIRE
360,8,65,1,2,S2,14/05/2025,10:30,12:00,B302,TITULAIRE
361,11,65,1,2,S2,14/05/2025,10:30,12:00,B302,RESERVE
362,13,66,1,2,S2,14/05/2025,10:30,12:00,B303,TITULAIRE
363,18,66,1,2,S2,14/05/2025,10:30,12:00,B303,TITULAIRE
364,20,66,1,2,S2,14/05/2025,10:30,12:00,B303,RESERVE
365,24,67,1,2,S2,14/05/2025,10:30,12:00,B401,TITULAIRE
366,33,67,1,2,S2,14/05/2025,10:30,12:00,B401,TITULAIRE
367,35,67,1,2,S2,14/05/2025,10:30,12:00,B401,RESERVE
368,40,81,1,2,S2,14/05/2025,10:30,12:00,A405,TITULAIRE
369,45,81,1,2,S2,14/05/2025,10:30,12:00,A405,TITULAIRE
370,50,81,1,2,S2,14/05/2025,10:30,12:00,A405,RESERVE
371,56,82,1,2,S2,14/05/2025,10:30,12:00,A406,TITULAIRE
372,57,82,1,2,S2,14/05/2025,10:30,12:00,A406,TITULAIRE
373,58,83,1,2,S2,14/05/2025,10:30,12:00,A407,TITULAIRE
374,65,83,1,2,S2,14/05/2025,10:30,12:00,A407,TITULAIRE
375,67,84,1,2,S2,14/05/2025,10:30,12:00,A408,TITULAIRE
376,74,84,1,2,S2,14/05/2025,10:30,12:00,A408,TITULAIRE
377,77,89,1,2,S2,14/05/2025,10:30,12:00,A206,TITULAIRE
378,78,89,1,2,S2,14/05/2025,10:30,12:00,A206,TITULAIRE
379,80,90,1,2,S2,14/05/2025,10:30,12:00,A207,TITULAIRE
380,86,90,1,2,S2,14/05/2025,10:30,12:00,A207,TITULAIRE
381,88,91,1,2,S2,14/05/2025,10:30,12:00,A208,TITULAIRE
382,89,91,1,2,S2,14/05/2025,10:30,12:00,A208,TITULAIRE
383,91,92,1,2,S2,14/05/2025,10:30,12:00,B203,TITULAIRE
384,99,92,1,2,S2,14/05/2025,10:30,12:00,B203,TITULAIRE
385,119,98,1,2,S2,14/05/2025,10:30,12:00,A102,TITULAIRE
386,197,98,1,2,S2,14/05/2025,10:30,12:00,A102,TITULAIRE
387,238,99,1,2,S2,14/05/2025,10:30,12:00,A124,TITULAIRE
388,315,99,1,2,S2,14/05/2025,10:30,12:00,A124,TITULAIRE
389,320,100,1,2,S2,14/05/2025,10:30,12:00,A131,TITULAIRE
390,371,100,1,2,S2,14/05/2025,10:30,12:00,A131,TITULAIRE
391,375,101,1,2,S2,14/05/2025,10:30,12:00,A209,TITULAIRE
392,451,101,1,2,S2,14/05/2025,10:30,12:00,A209,TITULAIRE
393,4,176,1,4,S1,16/05/2025,08:30,10:00,A206,TITULAIRE
394,5,176,1,4,S1,16/05/2025,08:30,10:00,A206,TITULAIRE
395,8,176,1,4,S1,16/05/2025,08:30,10:00,A206,RESERVE
396,12,177,1,4,S1,16/05/2025,08:30,10:00,A207,TITULAIRE
397,17,177,1,4,S1,16/05/2025,08:30,10:00,A207,TITULAIRE
398,20,177,1,4,S1,16/05/2025,08:30,10:00,A207,RESERVE
399,27,178,1,4,S1,16/05/2025,08:30,10:00,A208,TITULAIRE
400,33,178,1,4,S1,16/05/2025,08:30,10:00,A208,TITULAIRE
401,35,178,1,4,S1,16/05/2025,08:30,10:00,A208,RESERVE
402,44,179,1,4,S1,16/05/2025,08:30,10:00,B302,TITULAIRE
403,45,179,1,4,S1,16/05/2025,08:30,10:00,B302,TITULAIRE
404,56,179,1,4,S1,16/05/2025,08:30,10:00,B302,RESERVE
405,67,180,1,4,S1,16/05/2025,08:30,10:00,B303,TITULAIRE
406,80,180,1,4,S1,16/05/2025,08:30,10:00,B303,TITULAIRE
407,86,181,1,4,S1,16/05/2025,08:30,10:00,B401,TITULAIRE
408,88,181,1,4,S1,16/05/2025,08:30,10:00,B401,TITULAIRE
409,89,182,1,4,S1,16/05/2025,08:30,10:00,A405,TITULAIRE
410,91,182,1,4,S1,16/05/2025,08:30,10:00,A405,TITULAIRE
411,92,183,1,4,S1,16/05/2025,08:30,10:00,A406,TITULAIRE
412,108,183,1,4,S1,16/05/2025,08:30,10:00,A406,TITULAIRE
413,112,184,1,4,S1,16/05/2025,08:30,10:00,A407,TITULAIRE
414,125,184,1,4,S1,16/05/2025,08:30,10:00,A407,TITULAIRE
415,127,185,1,4,S1,16/05/2025,08:30,10:00,A408,TITULAIRE
416,128,185,1,4,S1,16/05/2025,08:30,10:00,A408,TITULAIRE
417,130,212,1,4,S1,16/05/2025,08:30,10:00,B203,TITULAIRE
418,197,212,1,4,S1,16/05/2025,08:30,10:00,B203,TITULAIRE
419,206,226,1,4,S1,16/05/2025,08:30,10:00,A102,TITULAIRE
420,216,226,1,4,S1,16/05/2025,08:30,10:00,A102,TITULAIRE
421,238,227,1,4,S1,16/05/2025,08:30,10:00,A124,TITULAIRE
422,320,227,1,4,S1,16/05/2025,08:30,10:00,A124,TITULAIRE
423,371,228,1,4,S1,16/05/2025,08:30,10:00,A131,TITULAIRE
424,380,228,1,4,S1,16/05/2025,08:30,10:00,A131,TITULAIRE
425,401,229,1,4,S1,16/05/2025,08:30,10:00,A209,TITULAIRE
426,450,229,1,4,S1,16/05/2025,08:30,10:00,A209,TITULAIRE
427,4,175,1,4,S2,16/05/2025,10:30,12:00,B203,TITULAIRE
428,5,175,1,4,S2,16/05/2025,10:30,12:00,B203,TITULAIRE
429,8,175,1,4,S2,16/05/2025,10:30,12:00,B203,RESERVE
430,11,187,1,4,S2,16/05/2025,10:30,12:00,A102,TITULAIRE
431,13,187,1,4,S2,16/05/2025,10:30,12:00,A102,TITULAIRE
432,18,187,1,4,S2,16/05/2025,10:30,12:00,A102,RESERVE
433,23,188,1,4,S2,16/05/2025,10:30,12:00,A124,TITULAIRE
434,27,188,1,4,S2,16/05/2025,10:30,12:00,A124,TITULAIRE
435,33,188,1,4,S2,16/05/2025,10:30,12:00,A124,RESERVE
436,35,189,1,4,S2,16/05/2025,10:30,12:00,A131,TITULAIRE
437,45,189,1,4,S2,16/05/2025,10:30,12:00,A131,TITULAIRE
438,56,189,1,4,S2,16/05/2025,10:30,12:00,A131,RESERVE
439,57,190,1,4,S2,16/05/2025,10:30,12:00,A209,TITULAIRE
440,67,190,1,4,S2,16/05/2025,10:30,12:00,A209,TITULAIRE
441,72,192,1,4,S2,16/05/2025,10:30,12:00,A206,TITULAIRE
442,74,192,1,4,S2,16/05/2025,10:30,12:00,A206,TITULAIRE
443,76,193,1,4,S2,16/05/2025,10:30,12:00,A207,TITULAIRE
444,86,193,1,4,S2,16/05/2025,10:30,12:00,A207,TITULAIRE
445,88,194,1,4,S2,16/05/2025,10:30,12:00,A208,TITULAIRE
446,89,194,1,4,S2,16/05/2025,10:30,12:00,A208,TITULAIRE
447,91,217,1,4,S2,16/05/2025,10:30,12:00,B302,TITULAIRE
448,92,217,1,4,S2,16/05/2025,10:30,12:00,B302,TITULAIRE
449,108,218,1,4,S2,16/05/2025,10:30,12:00,B303,TITULAIRE
450,109,218,1,4,S2,16/05/2025,10:30,12:00,B303,TITULAIRE
451,130,219,1,4,S2,16/05/2025,10:30,12:00,B401,TITULAIRE
452,157,219,1,4,S2,16/05/2025,10:30,12:00,B401,TITULAIRE
453,166,222,1,4,S2,16/05/2025,10:30,12:00,A405,TITULAIRE
454,197,222,1,4,S2,16/05/2025,10:30,12:00,A405,TITULAIRE
455,216,223,1,4,S2,16/05/2025,10:30,12:00,A406,TITULAIRE
456,238,223,1,4,S2,16/05/2025,10:30,12:00,A406,TITULAIRE
457,311,224,1,4,S2,16/05/2025,10:30,12:00,A407,TITULAIRE
458,371,224,1,4,S2,16/05/2025,10:30,12:00,A407,TITULAIRE
459,380,225,1,4,S2,16/05/2025,10:30,12:00,A408,TITULAIRE
460,401,225,1,4,S2,16/05/2025,10:30,12:00,A408,TITULAIRE
461,5,254,1,6,S1,19/05/2025,08:30,10:00,A102,TITULAIRE
462,8,254,1,6,S1,19/05/2025,08:30,10:00,A102,TITULAIRE
463,23,254,1,6,S1,19/05/2025,08:30,10:00,A102,RESERVE
464,57,255,1,6,S1,19/05/2025,08:30,10:00,A124,TITULAIRE
465,72,255,1,6,S1,19/05/2025,08:30,10:00,A124,TITULAIRE
466,76,255,1,6,S1,19/05/2025,08:30,10:00,A124,RESERVE
467,77,256,1,6,S1,19/05/2025,08:30,10:00,A131,TITULAIRE
468,89,256,1,6,S1,19/05/2025,08:30,10:00,A131,TITULAIRE
469,130,256,1,6,S1,19/05/2025,08:30,10:00,A131,RESERVE
470,371,257,1,6,S1,19/05/2025,08:30,10:00,A209,TITULAIRE
471,401,257,1,6,S1,19/05/2025,08:30,10:00,A209,TITULAIRE
472,451,257,1,6,S1,19/05/2025,08:30,10:00,A209,RESERVE
473,8,135,1,3,S2,15/05/2025,10:30,12:00,B302,TITULAIRE
474,17,135,1,3,S2,15/05/2025,10:30,12:00,B302,TITULAIRE
475,18,135,1,3,S2,15/05/2025,10:30,12:00,B302,RESERVE
476,23,136,1,3,S2,15/05/2025,10:30,12:00,B303,TITULAIRE
477,24,136,1,3,S2,15/05/2025,10:30,12:00,B303,TITULAIRE
478,27,136,1,3,S2,15/05/2025,10:30,12:00,B303,RESERVE
479,35,137,1,3,S2,15/05/2025,10:30,12:00,B401,TITULAIRE
480,40,137,1,3,S2,15/05/2025,10:30,12:00,B401,TITULAIRE
481,45,137,1,3,S2,15/05/2025,10:30,12:00,B401,RESERVE
482,57,141,1,3,S2,15/05/2025,10:30,12:00,B203,TITULAIRE
483,67,141,1,3,S2,15/05/2025,10:30,12:00,B203,TITULAIRE
484,74,141,1,3,S2,15/05/2025,10:30,12:00,B203,RESERVE
485,76,152,1,3,S2,15/05/2025,10:30,12:00,A206,TITULAIRE
486,77,152,1,3,S2,15/05/2025,10:30,12:00,A206,TITULAIRE
487,78,153,1,3,S2,15/05/2025,10:30,12:00,A207,TITULAIRE
488,88,153,1,3,S2,15/05/2025,10:30,12:00,A207,TITULAIRE
489,90,154,1,3,S2,15/05/2025,10:30,12:00,A208,TITULAIRE
490,92,154,1,3,S2,15/05/2025,10:30,12:00,A208,TITULAIRE
491,102,159,1,3,S2,15/05/2025,10:30,12:00,A405,TITULAIRE
492,104,159,1,3,S2,15/05/2025,10:30,12:00,A405,TITULAIRE
493,107,160,1,3,S2,15/05/2025,10:30,12:00,A406,TITULAIRE
494,112,160,1,3,S2,15/05/2025,10:30,12:00,A406,TITULAIRE
495,113,161,1,3,S2,15/05/2025,10:30,12:00,A407,TITULAIRE
496,117,161,1,3,S2,15/05/2025,10:30,12:00,A407,TITULAIRE
497,120,162,1,3,S2,15/05/2025,10:30,12:00,A408,TITULAIRE
498,125,162,1,3,S2,15/05/2025,10:30,12:00,A408,TITULAIRE
499,130,167,1,3,S2,15/05/2025,10:30,12:00,A102,TITULAIRE
500,157,167,1,3,S2,15/05/2025,10:30,12:00,A102,TITULAIRE
501,188,168,1,3,S2,15/05/2025,10:30,12:00,A124,TITULAIRE
502,238,168,1,3,S2,15/05/2025,10:30,12:00,A124,TITULAIRE
503,240,169,1,3,S2,15/05/2025,10:30,12:00,A131,TITULAIRE
504,320,169,1,3,S2,15/05/2025,10:30,12:00,A131,TITULAIRE
505,371,170,1,3,S2,15/05/2025,10:30,12:00,A209,TITULAIRE
506,450,170,1,3,S2,15/05/2025,10:30,12:00,A209,TITULAIRE
507,11,235,1,6,S3,19/05/2025,12:30,14:00,B401,TITULAIRE
508,17,235,1,6,S3,19/05/2025,12:30,14:00,B401,TITULAIRE
509,20,235,1,6,S3,19/05/2025,12:30,14:00,B401,RESERVE
510,24,240,1,6,S3,19/05/2025,12:30,14:00,B302,TITULAIRE
511,27,240,1,6,S3,19/05/2025,12:30,14:00,B302,TITULAIRE
512,33,240,1,6,S3,19/05/2025,12:30,14:00,B302,RESERVE
513,35,241,1,6,S3,19/05/2025,12:30,14:00,B303,TITULAIRE
514,38,241,1,6,S3,19/05/2025,12:30,14:00,B303,TITULAIRE
515,40,241,1,6,S3,19/05/2025,12:30,14:00,B303,RESERVE
516,45,243,1,6,S3,19/05/2025,12:30,14:00,A131,TITULAIRE
517,50,243,1,6,S3,19/05/2025,12:30,14:00,A131,TITULAIRE
518,56,243,1,6,S3,19/05/2025,12:30,14:00,A131,RESERVE
519,58,244,1,6,S3,19/05/2025,12:30,14:00,A124,TITULAIRE
520,65,244,1,6,S3,19/05/2025,12:30,14:00,A124,TITULAIRE
521,67,248,1,6,S3,19/05/2025,12:30,14:00,A405,TITULAIRE
522,74,248,1,6,S3,19/05/2025,12:30,14:00,A405,TITULAIRE
523,78,249,1,6,S3,19/05/2025,12:30,14:00,A406,TITULAIRE
524,84,249,1,6,S3,19/05/2025,12:30,14:00,A406,TITULAIRE
525,86,250,1,6,S3,19/05/2025,12:30,14:00,A407,TITULAIRE
526,88,250,1,6,S3,19/05/2025,12:30,14:00,A407,TITULAIRE
527,90,251,1,6,S3,19/05/2025,12:30,14:00,A408,TITULAIRE
528,92,251,1,6,S3,19/05/2025,12:30,14:00,A408,TITULAIRE
529,216,258,1,6,S3,19/05/2025,12:30,14:00,A102,TITULAIRE
530,300,258,1,6,S3,19/05/2025,12:30,14:00,A102,TITULAIRE
531,13,233,1,5,S1,17/05/2025,08:30,10:00,B302,TITULAIRE
532,17,233,1,5,S1,17/05/2025,08:30,10:00,B302,TITULAIRE
533,20,233,1,5,S1,17/05/2025,08:30,10:00,B302,RESERVE
534,45,234,1,5,S1,17/05/2025,08:30,10:00,B303,TITULAIRE
535,65,234,1,5,S1,17/05/2025,08:30,10:00,B303,TITULAIRE
536,72,234,1,5,S1,17/05/2025,08:30,10:00,B303,RESERVE
537,13,242,1,6,S4,19/05/2025,14:30,16:00,B401,TITULAIRE
538,18,242,1,6,S4,19/05/2025,14:30,16:00,B401,TITULAIRE
539,20,242,1,6,S4,19/05/2025,14:30,16:00,B401,RESERVE
540,27,245,1,6,S4,19/05/2025,14:30,16:00,A131,TITULAIRE
541,33,245,1,6,S4,19/05/2025,14:30,16:00,A131,TITULAIRE
542,38,245,1,6,S4,19/05/2025,14:30,16:00,A131,RESERVE
543,40,246,1,6,S4,19/05/2025,14:30,16:00,A124,TITULAIRE
544,45,246,1,6,S4,19/05/2025,14:30,16:00,A124,TITULAIRE
545,58,246,1,6,S4,19/05/2025,14:30,16:00,A124,RESERVE
546,74,247,1,6,S4,19/05/2025,14:30,16:00,A102,TITULAIRE
547,78,247,1,6,S4,19/05/2025,14:30,16:00,A102,TITULAIRE
548,84,247,1,6,S4,19/05/2025,14:30,16:00,A102,RESERVE
549,86,252,1,6,S4,19/05/2025,14:30,16:00,B302,TITULAIRE
550,88,252,1,6,S4,19/05/2025,14:30,16:00,B302,TITULAIRE
551,90,253,1,6,S4,19/05/2025,14:30,16:00,B303,TITULAIRE
552,92,253,1,6,S4,19/05/2025,14:30,16:00,B303,TITULAIRE
553,13,260,1,7,S3,20/05/2025,12:30,14:00,B401,TITULAIRE
554,17,260,1,7,S3,20/05/2025,12:30,14:00,B401,TITULAIRE
555,35,260,1,7,S3,20/05/2025,12:30,14:00,B401,RESERVE
556,38,261,1,7,S3,20/05/2025,12:30,14:00,A102,TITULAIRE
557,45,261,1,7,S3,20/05/2025,12:30,14:00,A102,TITULAIRE
558,50,261,1,7,S3,20/05/2025,12:30,14:00,A102,RESERVE
559,65,262,1,7,S3,20/05/2025,12:30,14:00,A131,TITULAIRE
560,67,262,1,7,S3,20/05/2025,12:30,14:00,A131,TITULAIRE
561,76,262,1,7,S3,20/05/2025,12:30,14:00,A131,RESERVE
562,78,263,1,7,S3,20/05/2025,12:30,14:00,A124,TITULAIRE
563,84,263,1,7,S3,20/05/2025,12:30,14:00,A124,TITULAIRE
564,89,263,1,7,S3,20/05/2025,12:30,14:00,A124,RESERVE
565,17,236,1,6,S2,19/05/2025,10:30,12:00,A102,TITULAIRE
566,23,236,1,6,S2,19/05/2025,10:30,12:00,A102,TITULAIRE
567,50,236,1,6,S2,19/05/2025,10:30,12:00,A102,RESERVE
568,56,237,1,6,S2,19/05/2025,10:30,12:00,A124,TITULAIRE
569,57,237,1,6,S2,19/05/2025,10:30,12:00,A124,TITULAIRE
570,65,237,1,6,S2,19/05/2025,10:30,12:00,A124,RESERVE
571,67,238,1,6,S2,19/05/2025,10:30,12:00,A131,TITULAIRE
572,72,238,1,6,S2,19/05/2025,10:30,12:00,A131,TITULAIRE
573,76,238,1,6,S2,19/05/2025,10:30,12:00,A131,RESERVE
574,77,239,1,6,S2,19/05/2025,10:30,12:00,A209,TITULAIRE
575,216,239,1,6,S2,19/05/2025,10:30,12:00,A209,TITULAIRE
576,451,239,1,6,S2,19/05/2025,10:30,12:00,A209,RESERVE
577,17,259,1,7,S4,20/05/2025,14:30,16:00,B401,TITULAIRE
578,18,259,1,7,S4,20/05/2025,14:30,16:00,B401,TITULAIRE
579,24,259,1,7,S4,20/05/2025,14:30,16:00,B401,RESERVE
580,18,119,1,3,S1,15/05/2025,08:30,10:00,A206,TITULAIRE
581,23,119,1,3,S1,15/05/2025,08:30,10:00,A206,TITULAIRE
582,24,119,1,3,S1,15/05/2025,08:30,10:00,A206,RESERVE
583,26,120,1,3,S1,15/05/2025,08:30,10:00,A207,TITULAIRE
584,27,120,1,3,S1,15/05/2025,08:30,10:00,A207,TITULAIRE
585,38,120,1,3,S1,15/05/2025,08:30,10:00,A207,RESERVE
586,40,121,1,3,S1,15/05/2025,08:30,10:00,A208,TITULAIRE
587,45,121,1,3,S1,15/05/2025,08:30,10:00,A208,TITULAIRE
588,50,121,1,3,S1,15/05/2025,08:30,10:00,A208,RESERVE
589,57,124,1,3,S1,15/05/2025,08:30,10:00,A102,TITULAIRE
590,78,124,1,3,S1,15/05/2025,08:30,10:00,A102,TITULAIRE
591,88,124,1,3,S1,15/05/2025,08:30,10:00,A102,RESERVE
592,91,125,1,3,S1,15/05/2025,08:30,10:00,A124,TITULAIRE
593,98,125,1,3,S1,15/05/2025,08:30,10:00,A124,TITULAIRE
594,99,126,1,3,S1,15/05/2025,08:30,10:00,A131,TITULAIRE
595,100,126,1,3,S1,15/05/2025,08:30,10:00,A131,TITULAIRE
596,102,127,1,3,S1,15/05/2025,08:30,10:00,A209,TITULAIRE
597,107,127,1,3,S1,15/05/2025,08:30,10:00,A209,TITULAIRE
598,111,130,1,3,S1,15/05/2025,08:30,10:00,B302,TITULAIRE
599,113,130,1,3,S1,15/05/2025,08:30,10:00,B302,TITULAIRE
600,115,131,1,3,S1,15/05/2025,08:30,10:00,B303,TITULAIRE
601,117,131,1,3,S1,15/05/2025,08:30,10:00,B303,TITULAIRE
602,125,132,1,3,S1,15/05/2025,08:30,10:00,B401,TITULAIRE
603,127,132,1,3,S1,15/05/2025,08:30,10:00,B401,TITULAIRE
604,159,142,1,3,S1,15/05/2025,08:30,10:00,B203,TITULAIRE
605,188,142,1,3,S1,15/05/2025,08:30,10:00,B203,TITULAIRE
606,207,163,1,3,S1,15/05/2025,08:30,10:00,A405,TITULAIRE
607,223,163,1,3,S1,15/05/2025,08:30,10:00,A405,TITULAIRE
608,225,164,1,3,S1,15/05/2025,08:30,10:00,A406,TITULAIRE
609,238,164,1,3,S1,15/05/2025,08:30,10:00,A406,TITULAIRE
610,240,165,1,3,S1,15/05/2025,08:30,10:00,A407,TITULAIRE
611,300,165,1,3,S1,15/05/2025,08:30,10:00,A407,TITULAIRE
612,315,166,1,3,S1,15/05/2025,08:30,10:00,A408,TITULAIRE
613,450,166,1,3,S1,15/05/2025,08:30,10:00,A408,TITULAIRE
